P. Name,P. Zone Class,P. Mass Class,P. Composition Class,P. Atmosphere Class,P. Density (EU),P. Gravity (EU),P. Esc Vel (EU),P. SFlux Min (EU),P. SFlux Mean (EU),P. SFlux Max (EU),P. Teq Max (K),P. Mag,P. Appar Size (deg),P. Eccentricity,P. Mean Distance (AU),P. Omega (deg),S. Mass (SU),S. Teff (K),S. [Fe/H],S. Age (Gyrs),S. Appar Mag,S. Distance (pc),S. RA (hrs),S. DEC (deg),S. Mag from Planet,S. Size from Planet (deg),S. No. Planets,S. No. Planets HZ,S. Hab Zone Max (AU),P. HZD,P. HZC,P. HZA,P. HZI,P. SPH,P. ESI,S. HabCat,P. Habitable,P. Hab Moon,P. Confirmed,P. Habitable Class
GJ 163 c,Warm,Superterran,rocky-iron,metals-rich,1.19,2.17,1.99,0.5515569,0.6630019,0.804139,241.3,-18.05,3.48,0.09,0.12,235.4,0.4,3840.0,-0.06027140851661208,3.0,11.8,15.0,4.1544,-53.3736,-26.3,0.9881,3,1,0.212,-0.34,-0.14,0.81,0.53,0.08,0.73,0,1,0,1,psychroplanet
GJ 667 C e,Warm,Terran,rocky-iron,metals-rich,0.99,1.39,1.39,0.290249,0.3020295,0.3144201,190.8,-16.59,2.65,0.02,0.21,28.6,0.33,3350.0,-0.55,2.0,10.2,6.8,17.3158,-34.9897,-25.4,0.8714,6,3,0.251,0.51,-0.16,0.23,0.63,0.0,0.6,0,1,0,0,psychroplanet
GJ 667 C f,Warm,Terran,rocky-iron,metals-rich,0.99,1.39,1.39,0.5306531,0.5632069000000001,0.5983137,224.1,-17.28,2.65,0.03,0.16,103.0,0.33,3350.0,-0.55,2.0,10.2,6.8,17.3158,-34.9897,-26.1,1.19,6,3,0.251,-0.22,-0.16,0.08,0.78,0.0,0.77,0,1,0,0,psychroplanet
GJ 682 c,Warm,Superterran,rocky-iron,hydrogen-rich,1.24,2.37,2.13,0.3020603,0.3673006,0.45118450000000004,208.8,-17.51,3.64,0.1,0.18,320.9,0.27,3028.0,-0.06027140851661208,4.184758828596038,13.4,5.08,17.6177,-43.6808,-25.6,1.1831,2,1,0.232,0.23,-0.14,1.19,0.45,0.0,0.59,0,1,0,0,psychroplanet
GJ 3293 d,Warm,Superterran,rocky-iron,metals-rich,1.2,2.22,2.03,0.44768679999999994,0.5656049,0.7251003,235.1,-17.91,3.52,0.12,0.19,322.0,0.42,3466.0,0.02,4.184758828596038,12.0,17.9,4.4767,-25.1692,-26.1,1.1179,4,2,0.309,-0.21,-0.14,0.91,0.52,0.0,0.7,0,1,0,1,psychroplanet
HD 40307 g,Warm,Superterran,rocky-iron,metals-rich,1.18,2.15,1.98,0.3895282,0.6771687,1.285592,271.3,-18.1,3.45,0.29,0.57,91.2,0.77,4977.0,-0.31,1.2,7.2,12.8,5.9011,-60.0233,-26.4,0.6042,6,1,0.917,-0.15,-0.14,0.77,0.56,0.04,0.74,1,1,0,0,psychroplanet
Kapteyn b,Warm,Terran,rocky-iron,metals-rich,1.09,1.79,1.71,0.2900587,0.4342851,0.6803408000000001,231.4,-17.37,3.11,0.21,0.16,80.4,0.28,3550.0,-0.86,8.0,8.8,3.91,5.1947,-45.0183,-25.8,0.9409,2,1,0.232,0.12,-0.15,0.57,0.63,0.0,0.67,0,1,0,0,psychroplanet
Kepler-62 f,Warm,Terran,rocky-iron,metals-rich,1.0,1.41,1.41,0.388223,0.388223,0.388223,201.1,-16.89,2.68,0.0,0.72,0.0,0.69,4869.0,-0.21,7.0,14.0,368.0,18.8808,45.3499,-25.7,0.4676,5,2,0.857,0.45,-0.16,0.19,0.66,0.0,0.67,0,1,0,1,psychroplanet
Kepler-150 f,Warm,Superterran,gas,metals-rich,0.19,0.68,1.57,0.4927213,0.4927213,0.4927214,213.4,-19.22,6.92,0.0,1.24,0.0,0.63,5560.0,-0.136,4.184758828596038,13.4,973.0,19.2156,40.5209,-26.0,0.404,5,1,1.569,0.28,2.88,0.35,0.26,0.0,0.53,0,0,0,1,psychroplanet
Kepler-174 d,Warm,Superterran,rocky-iron,hydrogen-rich,1.42,3.1,2.6,0.42675159999999995,0.42675159999999995,0.42675169999999996,205.9,-17.95,4.15,0.0,0.68,0.0,0.68,4880.0,-0.556,4.184758828596038,13.4,360.0,19.1626,43.8321,-25.8,0.488,3,1,0.846,0.32,-0.13,1.77,0.36,0.0,0.61,0,1,0,1,psychroplanet
Kepler-296 f,Warm,Superterran,rocky-iron,metals-rich,1.15,2.01,1.87,0.2687829,0.3395788,0.4353369000000001,206.9,-17.22,3.33,0.12,0.28,0.0,0.45,3572.0,-0.12,4.2,10.1,226.0,19.1027,49.4373,-25.6,0.8155,5,2,0.34700000000000003,0.4,-0.14,0.86,0.51,0.0,0.6,0,1,0,1,psychroplanet
Kepler-442 b,Warm,Terran,rocky-iron,metals-rich,0.97,1.3,1.32,0.6466799,0.6999820999999999,0.7589214,237.8,-17.42,2.55,0.04,0.41,0.0,0.61,4402.0,-0.37,2.9,7.7,342.0,19.0244,39.2801,-26.3,0.7685,1,1,0.6809999999999999,-0.34,-0.16,-0.06,0.73,0.04,0.84,0,1,0,1,psychroplanet
Kepler-1229 b,Warm,Terran,rocky-iron,metals-rich,0.99,1.39,1.4,0.4901548,0.4901549,0.4901549,213.2,-17.13,2.66,0.0,0.31,0.0,0.54,3784.0,-0.06027140851661208,3.72,15.5,236.0,19.8324,46.9967,-26.0,0.8699,1,1,0.456,-0.03,-0.16,0.12,0.83,0.0,0.73,0,1,0,1,psychroplanet
Kepler-1652 b,Warm,Terran,rocky-iron,metals-rich,0.9,1.01,1.06,0.6504719,0.650472,0.6504722,228.8,-16.95,2.13,0.0,0.16,0.0,0.36,3482.0,-0.1,4.184758828596038,13.4,252.0,19.6244,49.9151,-26.3,1.1835,1,1,0.27,-0.35,-0.17,-0.37,0.65,0.0,0.85,0,1,0,1,psychroplanet
LHS 1140 b,Warm,Terran,rocky-iron,hydrogen-rich,2.26,3.23,2.15,0.23418049999999999,0.4071072,0.7728854000000001,238.9,-17.03,2.72,0.29,0.08,0.0,0.15,3131.0,-0.24,5.0,14.2,12.47,0.7497,-15.2714,-25.8,1.1837,1,1,0.118,0.18,-0.82,1.17,0.41,0.0,0.68,0,1,0,1,psychroplanet
Proxima Cen b,Warm,Terran,rocky-iron,metals-rich,0.9,1.01,1.07,0.6562118,0.6562118,0.6562119000000001,229.3,-16.96,2.13,0.0,0.05,0.0,0.12,3050.0,-0.06027140851661208,4.184758828596038,11.1,1.29,14.4953,-62.6794,-26.3,1.5493,1,1,0.086,-0.39,-0.17,-0.37,0.64,0.0,0.85,0,1,0,1,psychroplanet
TRAPPIST-1 e,Warm,Terran,rocky-iron,metals-rich,0.82,0.76,0.83,0.6544079,0.654408,0.6544082,229.1,-16.52,1.74,0.0,0.03,0.0,0.08,2550.0,0.04,0.5,18.8,12.1,23.1081,-5.0414,-26.3,2.2135,7,4,0.051,-0.42,-0.15,-0.67,0.56,0.0,0.85,0,1,0,1,psychroplanet
TRAPPIST-1 f,Warm,Terran,rocky-water,metals-rich,0.59,0.61,0.8,0.3772893,0.3772893,0.3772893,199.7,-16.2,1.98,0.0,0.04,0.0,0.08,2550.0,0.04,0.5,18.8,12.1,23.1081,-5.0414,-25.7,1.6807,7,4,0.051,0.14,0.27,-0.64,0.59,0.0,0.68,0,1,0,1,psychroplanet
GJ 273 b,Warm,Terran,rocky-iron,metals-rich,1.0,1.43,1.43,1.003524,1.220269,1.4989540000000001,281.9,-18.17,2.7,0.1,0.09,0.0,0.29,3382.0,0.09,4.184758828596038,9.9,3.8,7.4568,5.2258,-27.0,1.7227,2,1,0.215,-0.86,-0.16,-0.05,0.53,0.79,0.86,0,1,0,1,mesoplanet
Kepler-1090 b,Warm,Superterran,rocky-iron,hydrogen-rich,1.47,3.32,2.73,1.20485,1.20485,1.2048510000000001,266.9,-19.15,4.28,0.0,0.63,0.0,0.86,5321.0,-0.06027140851661208,4.37,15.0,702.0,19.7109,44.5258,-26.9,0.6898,1,1,1.28,-0.74,-0.12,1.5,0.37,0.23,0.72,0,1,0,1,mesoplanet
Kepler-438 b,Warm,Terran,rocky-iron,metals-rich,0.9,1.01,1.06,1.298292,1.3779370000000002,1.46383,280.2,-17.77,2.13,0.03,0.17,0.0,0.54,3748.0,0.16,4.4,9.6,145.0,18.7764,41.9511,-27.1,1.4871,1,1,0.407,-0.94,-0.17,-0.49,0.48,0.5,0.88,0,1,0,1,mesoplanet
Kepler-62 e,Warm,Superterran,rocky-iron,metals-rich,1.08,1.74,1.68,1.097676,1.097676,1.097677,260.8,-18.32,3.07,0.0,0.43,0.0,0.69,4869.0,-0.21,7.0,14.0,368.0,18.8808,45.3499,-26.8,0.7863,5,2,0.857,-0.7,-0.15,0.28,0.56,0.96,0.83,0,1,0,1,mesoplanet
Wolf 1061 c,Warm,Terran,rocky-iron,metals-rich,1.03,1.53,1.51,1.128213,1.398419,1.754743,293.2,-18.42,2.83,0.11,0.09,37.0,0.25,3305.0,-0.09,4.184758828596038,10.1,4.29,16.505,-12.6626,-27.1,1.9321,3,1,0.225,-0.96,-0.15,0.02,0.51,0.17,0.82,0,1,0,1,mesoplanet
Kepler-452 b,Warm,Superterran,rocky-iron,metals-rich,1.09,1.77,1.7,1.109832,1.109832,1.109833,261.5,-18.35,3.1,0.0,1.05,0.0,1.04,5757.0,0.21,6.0,13.4,430.0,19.7336,44.2776,-26.8,0.5655,1,1,1.952,-0.61,-0.15,0.3,0.59,0.93,0.83,0,1,0,1,mesoplanet
K2-72 e,Warm,Terran,rocky-iron,metals-rich,0.99,1.39,1.4,1.461332,1.461332,1.461333,280.1,-18.32,2.66,0.0,0.12,0.0,0.41,3497.0,-0.06027140851661208,4.184758828596038,15.3,55.52,22.3081,-9.6124,-27.1,1.7588,4,1,0.311,-0.99,-0.16,-0.12,0.5,0.06,0.82,0,1,0,1,mesoplanet
Ross 128 b,Warm,Terran,rocky-iron,metals-rich,0.91,1.05,1.1,1.176261,1.474785,1.874486,298.1,-17.92,2.19,0.12,0.05,0.0,0.17,3192.0,-0.02,5.0,11.2,3.38,11.7957,0.8046,-27.2,2.1279,1,1,0.13,-0.99,-0.17,-0.46,0.48,0.21,0.86,0,1,0,1,mesoplanet
Kepler-283 c,Warm,Superterran,rocky-iron,metals-rich,1.18,2.14,1.97,0.898436,0.8984360999999998,0.8984360999999998,248.0,-18.36,3.45,0.0,0.34,0.0,0.62,4351.0,-0.26,4.184758828596038,13.4,534.0,19.5742,47.839,-26.6,0.8908,2,1,0.6459999999999999,-0.58,-0.14,0.69,0.52,0.85,0.79,0,1,0,1,mesoplanet
Kepler-705 b,Warm,Superterran,rocky-iron,hydrogen-rich,1.36,2.86,2.46,0.832599,0.8325992,0.8325992,243.4,-18.6,4.0,0.0,0.23,0.0,0.53,3722.0,-0.06027140851661208,3.89,15.8,251.0,19.3006,41.8121,-26.5,1.1719,1,1,0.443,-0.56,-0.13,1.31,0.41,0.79,0.74,0,1,0,1,mesoplanet
TRAPPIST-1 d,Warm,Subterran,rocky-iron,metals-rich,0.9,0.69,0.73,1.129725,1.129725,1.129725,262.7,-16.74,1.47,0.0,0.02,0.0,0.08,2550.0,0.04,0.5,18.8,12.1,23.1081,-5.0414,-26.9,2.9085,7,4,0.051,-0.84,-0.29,-0.86,0.45,0.9,0.9,0,1,0,1,mesoplanet
Kepler-440 b,Warm,Superterran,rocky-iron,metals-rich,1.2,2.24,2.04,0.7514458,1.43441,3.096766,338.0,-18.99,3.54,0.34,0.23,0.0,0.57,4134.0,-0.3,1.3,8.3,261.0,19.0233,41.4522,-27.2,1.2857,1,1,0.5710000000000001,-0.89,-0.14,0.62,0.48,0.16,0.75,0,1,0,1,mesoplanet
Kepler-1540 b,Warm,Superterran,rocky-iron,hydrogen-rich,1.71,4.25,3.25,0.9229546999999999,0.9229549000000001,0.9229552,249.7,-19.07,4.73,0.0,0.44,0.0,0.74,4540.0,-0.06027140851661208,2.51,14.1,262.0,18.8896,41.2017,-26.6,0.8293,1,1,0.8390000000000001,-0.59,-0.11,2.25,0.3,0.99,0.7,0,1,0,1,mesoplanet
Kepler-1544 b,Warm,Superterran,rocky-iron,metals-rich,1.16,2.07,1.92,0.9021728000000001,0.9021728999999999,0.902173,248.3,-18.32,3.38,0.0,0.56,0.0,0.81,4886.0,-0.06027140851661208,2.34,14.1,349.0,19.819000000000006,49.2125,-26.6,0.7079,1,1,1.012,-0.53,-0.14,0.63,0.55,0.85,0.8,0,1,0,1,mesoplanet
Kepler-61 b,Warm,Superterran,rocky-iron,hydrogen-rich,1.39,2.99,2.54,0.7885342,1.272237,2.1899319999999998,309.9,-19.14,4.09,0.25,0.26,0.0,0.64,4017.0,0.03,1.0,15.0,326.0,19.6869,42.4753,-27.0,1.2639,1,1,0.614,-0.84,-0.13,1.24,0.4,0.27,0.73,0,1,0,1,mesoplanet
Kepler-1638 b,Warm,Superterran,rocky-iron,metals-rich,1.21,2.26,2.06,1.3873799999999998,1.3873799999999998,1.387381,276.5,-18.9,3.56,0.0,0.79,0.0,0.97,5710.0,-0.06027140851661208,4.37,14.8,879.0,19.6988,48.5244,-27.1,0.6427,1,1,1.65,-0.81,-0.14,0.66,0.49,0.02,0.76,0,1,0,1,mesoplanet
HD 283869 b,Warm,Superterran,rocky-iron,metals-rich,1.26,2.47,2.2,1.146929,1.146929,1.146929,263.7,-18.79,3.72,0.0,0.4,0.0,0.74,4655.0,0.15,4.184758828596038,13.4,47.51,4.795,26.15,-26.9,0.8793,1,1,0.836,-0.76,-0.14,0.89,0.46,0.65,0.77,0,1,0,0,mesoplanet
GJ 3323 b,Warm,Terran,rocky-iron,metals-rich,0.95,1.23,1.25,0.776563,1.207001,1.981179,302.3,-17.95,2.44,0.23,0.03,0.0,0.16,3159.0,-0.27,4.184758828596038,12.2,5.32,5.0326,-6.9461,-27.0,1.9856,2,1,0.077,-0.84,-0.16,-0.25,0.53,0.97,0.89,0,1,0,1,mesoplanet
XO-2N b,Hot,Jovian,gas,metals-rich,0.15,1.66,4.25,455.9766,498.4211,545.9458,1231.5,-29.16,20.82,0.04,0.04,0.0,0.98,5340.0,0.45,2.0,11.2,149.0,7.8019,50.2258,-33.5,13.970999999999998,1,0,1.513,-2.36,7.37,0.64,0.11,0.0,0.08,0,0,0,1,non-habitable
Kepler-195 c,Hot,Terran,rocky-iron,metals-rich,1.05,1.63,1.59,11.34304,11.34304,11.34304,467.5,-20.77,2.94,0.0,0.2,0.0,0.88,5329.0,-0.052000000000000005,4.184758828596038,13.4,424.0,19.2081,47.9667,-29.4,2.1101,2,0,1.22,-1.89,-0.15,-0.31,0.34,0.0,0.39,0,0,0,1,non-habitable
HD 284149 b,Cold,Jovian,gas,hydrogen-rich,9.64,98.12,31.61,8.25E-06,8.25E-06,8.25E-06,13.7,-9.47,19.44,0.0,400.0,0.0,1.14,6040.0,-0.06027140851661208,0.025,9.6,108.2,4.1108,20.3031,-14.0,0.0014,1,0,1.986,700.61,19.77,163.65,0.0,0.0,0.04,0,0,0,1,non-habitable
Kepler-1335 b,Hot,Terran,rocky-iron,metals-rich,1.01,1.46,1.45,76.45029,76.4503,76.45031,753.3,-22.71,2.75,0.0,0.06,0.0,0.77,4903.0,-0.06027140851661208,4.9,15.3,628.0,18.9892,42.0704,-31.5,6.4746,1,0,1.018,-2.2,-0.16,-0.71,0.3,0.0,0.3,0,0,0,1,non-habitable
Kepler-1534 b,Hot,Superterran,rocky-iron,metals-rich,1.22,2.31,2.09,159.5441,159.5441,159.5441,905.5,-24.1,3.6,0.0,0.06,0.0,0.9,5442.0,-0.06027140851661208,4.57,15.7,1107.0,19.493,43.8691,-32.3,7.5937,1,0,1.389,-2.3,-0.14,-0.38,0.3,0.0,0.27,0,0,0,1,non-habitable
HATS-42 b,Hot,Jovian,gas,hydrogen-rich,0.16,2.43,6.17,1289.627,2000.709,3276.255,1927.5,-31.5,30.14,0.23,0.04,0.0,1.27,6060.0,0.22,3.26,13.6,942.0,7.23,-33.4372,-35.1,22.1006,1,0,2.81,-2.45,11.54,1.15,0.08,0.0,0.06,0,0,0,1,non-habitable
Kepler-172 b,Hot,Superterran,rocky-iron,metals-rich,1.57,3.68,2.94,609.9031,609.9031,609.9033,1266.1,-26.04,4.47,0.0,0.04,0.0,0.86,5526.0,0.012,4.184758828596038,13.4,424.0,18.8912,41.8219,-33.7,14.4268,4,0,1.786,-2.38,-0.12,-0.13,0.3,0.0,0.24,0,0,0,1,non-habitable
GJ 849 b,Cold,Jovian,gas,hydrogen-rich,0.28,2.82,5.33,0.002521107,0.002582131,0.002645046,57.8,-15.71,19.23,0.01,2.35,351.0,0.49,3840.0,0.22,4.184758828596038,10.4,9.1,22.1611,-4.6408,-20.2,0.1179,2,0,0.248,28.89,6.32,11.87,0.03,0.0,0.12,1,0,0,1,non-habitable
Kepler-748 b,Hot,Superterran,gas,no-atmosphere,0.19,0.48,1.09,232.7558,232.7558,232.7559,995.1,-25.14,4.79,0.0,0.08,0.0,1.07,5934.0,-0.06027140851661208,3.72,15.2,1271.0,19.4842,37.237,-32.7,7.7143,1,0,2.024,-2.35,2.4,-1.06,0.22,0.0,0.24,0,0,0,1,non-habitable
HIP 63242 b,Hot,Jovian,gas,hydrogen-rich,1.87,21.67,15.86,59.271,92.1241,151.213,893.4,-27.49,22.19,0.23,0.55,118.2,1.54,5940.0,-0.31,4.184758828596038,6.9,135.0,12.9589,-65.6464,-31.7,4.9245,1,0,9.328,-2.27,10.97,9.15,0.06,0.0,0.07,0,0,0,1,non-habitable
HD 45350 b,Warm,Jovian,gas,hydrogen-rich,0.41,4.59,7.15,0.1361765,0.6847476,8.731088,437.9,-22.53,21.29,0.78,1.21,343.4,1.02,5754.0,0.29,5.59,7.9,49.0,6.4792,38.9628,-26.8,0.5611,1,1,2.231,0.81,7.26,6.83,0.09,0.0,0.43,1,0,0,1,non-habitable
Kepler-1148 b,Hot,Superterran,rocky-iron,metals-rich,1.12,1.89,1.79,913.8354,913.8355,913.8356,1400.8,-25.76,3.21,0.0,0.02,0.0,0.81,5054.0,-0.06027140851661208,4.57,15.3,682.0,19.3969,45.7195,-34.2,21.1764,1,0,1.11,-2.36,-0.15,-0.81,0.29,0.0,0.27,0,0,0,1,non-habitable
HIP 70849 b,Cold,Jovian,gas,hydrogen-rich,1.83,21.22,15.7,0.000160084,0.000512078,0.002560369,57.3,-14.5,22.21,0.6,8.0,0.0,0.63,4105.0,-0.06027140851661208,3.0,10.4,24.0,14.4886,-46.4639,-18.7,0.0268,1,0,0.412,82.28,10.89,45.94,0.01,0.0,0.06,1,0,0,1,non-habitable
BD-06 1339 c,Hot,Jovian,gas,hydrogen-rich,0.2,1.3,2.89,4.416532,4.416533,4.416533,369.3,-22.86,12.3,0.0,0.43,0.0,0.7,4324.0,-0.14,4.4,6.7,20.0,5.8833,-5.9947,-28.4,2.0068,3,1,1.832,-1.55,4.18,1.18,0.18,0.0,0.39,1,0,0,1,non-habitable
Kepler-1177 b,Hot,Superterran,rocky-iron,metals-rich,1.23,2.34,2.11,4.727784,4.727785,4.727785,375.7,-20.27,3.62,0.0,0.44,0.0,0.98,5712.0,-0.06027140851661208,4.47,14.6,829.0,19.1114,49.4063,-28.4,1.1857,1,0,1.686,-1.57,-0.14,0.38,0.38,0.0,0.49,0,0,0,1,non-habitable
Kepler-221 c,Hot,Neptunian,gas,metals-rich,0.19,0.57,1.29,130.9583,130.9583,130.9583,861.8,-24.83,5.56,0.0,0.06,0.0,0.72,5243.0,-0.413,4.184758828596038,13.4,424.0,19.777,46.8353,-32.0,7.4118,4,0,1.251,-2.27,2.51,-0.88,0.22,0.0,0.22,0,0,0,1,non-habitable
Kepler-1305 b,Hot,Superterran,rocky-iron,metals-rich,1.22,2.29,2.08,71.98207,71.98208,71.98209,742.1,-23.22,3.58,0.0,0.11,0.0,0.97,5701.0,-0.06027140851661208,4.37,15.8,1343.0,19.8226,46.3473,-31.4,4.6456,1,0,1.664,-2.24,-0.14,-0.26,0.31,0.0,0.28,0,0,0,1,non-habitable
WASP-107 b,Hot,Neptunian,gas,metals-rich,0.03,0.34,1.9,49.75849,49.7585,49.7585,676.6,-26.57,20.11,0.0,0.06,0.0,0.69,4430.0,0.02,4.184758828596038,11.6,424.0,12.5592,-10.1461,-31.0,6.3983,1,0,0.7709999999999999,-2.11,9.86,-0.31,0.09,0.0,0.1,0,0,0,1,non-habitable
